--
-- PostgreSQL database dump
--

-- Dumped from database version 9.0.4
-- Dumped by pg_dump version 9.0.4
-- Started on 2012-03-10 13:47:08 CST

SET statement_timeout = 0;
SET client_encoding = 'UTF8';
SET standard_conforming_strings = off;
SET check_function_bodies = false;
SET client_min_messages = warning;
SET escape_string_warning = off;

--
-- TOC entry 350 (class 2612 OID 11574)
-- Name: plpgsql; Type: PROCEDURAL LANGUAGE; Schema: -; Owner: -
--

CREATE OR REPLACE PROCEDURAL LANGUAGE plpgsql;


SET search_path = public, pg_catalog;

SET default_tablespace = '';

SET default_with_oids = false;

--
-- TOC entry 1546 (class 1259 OID 32213)
-- Dependencies: 1849 5
-- Name: categories; Type: TABLE; Schema: public; Owner: -; Tablespace: 
--

CREATE TABLE categories (
    id integer NOT NULL,
    active boolean DEFAULT false,
    title character varying(255),
    description text,
    "position" integer,
    created_at timestamp without time zone NOT NULL,
    updated_at timestamp without time zone NOT NULL,
    slug character varying(255)
);


--
-- TOC entry 1545 (class 1259 OID 32211)
-- Dependencies: 1546 5
-- Name: categories_id_seq; Type: SEQUENCE; Schema: public; Owner: -
--

CREATE SEQUENCE categories_id_seq
    START WITH 1
    INCREMENT BY 1
    NO MINVALUE
    NO MAXVALUE
    CACHE 1;


--
-- TOC entry 1905 (class 0 OID 0)
-- Dependencies: 1545
-- Name: categories_id_seq; Type: SEQUENCE OWNED BY; Schema: public; Owner: -
--

ALTER SEQUENCE categories_id_seq OWNED BY categories.id;


--
-- TOC entry 1906 (class 0 OID 0)
-- Dependencies: 1545
-- Name: categories_id_seq; Type: SEQUENCE SET; Schema: public; Owner: -
--

SELECT pg_catalog.setval('categories_id_seq', 10, true);


--
-- TOC entry 1552 (class 1259 OID 32244)
-- Dependencies: 5
-- Name: images; Type: TABLE; Schema: public; Owner: -; Tablespace: 
--

CREATE TABLE images (
    id integer NOT NULL,
    image character varying(255),
    product_id integer,
    created_at timestamp without time zone NOT NULL,
    updated_at timestamp without time zone NOT NULL
);


--
-- TOC entry 1551 (class 1259 OID 32242)
-- Dependencies: 5 1552
-- Name: images_id_seq; Type: SEQUENCE; Schema: public; Owner: -
--

CREATE SEQUENCE images_id_seq
    START WITH 1
    INCREMENT BY 1
    NO MINVALUE
    NO MAXVALUE
    CACHE 1;


--
-- TOC entry 1907 (class 0 OID 0)
-- Dependencies: 1551
-- Name: images_id_seq; Type: SEQUENCE OWNED BY; Schema: public; Owner: -
--

ALTER SEQUENCE images_id_seq OWNED BY images.id;


--
-- TOC entry 1908 (class 0 OID 0)
-- Dependencies: 1551
-- Name: images_id_seq; Type: SEQUENCE SET; Schema: public; Owner: -
--

SELECT pg_catalog.setval('images_id_seq', 42, true);


--
-- TOC entry 1564 (class 1259 OID 32323)
-- Dependencies: 5
-- Name: invoices; Type: TABLE; Schema: public; Owner: -; Tablespace: 
--

CREATE TABLE invoices (
    id integer NOT NULL,
    title character varying(255),
    subscriber_id integer,
    created_at timestamp without time zone NOT NULL,
    updated_at timestamp without time zone NOT NULL,
    inv_number character varying(255),
    notes text,
    inv_date date,
    tax numeric,
    price_header character varying(255)
);


--
-- TOC entry 1563 (class 1259 OID 32321)
-- Dependencies: 5 1564
-- Name: invoices_id_seq; Type: SEQUENCE; Schema: public; Owner: -
--

CREATE SEQUENCE invoices_id_seq
    START WITH 1
    INCREMENT BY 1
    NO MINVALUE
    NO MAXVALUE
    CACHE 1;


--
-- TOC entry 1909 (class 0 OID 0)
-- Dependencies: 1563
-- Name: invoices_id_seq; Type: SEQUENCE OWNED BY; Schema: public; Owner: -
--

ALTER SEQUENCE invoices_id_seq OWNED BY invoices.id;


--
-- TOC entry 1910 (class 0 OID 0)
-- Dependencies: 1563
-- Name: invoices_id_seq; Type: SEQUENCE SET; Schema: public; Owner: -
--

SELECT pg_catalog.setval('invoices_id_seq', 1009, true);


--
-- TOC entry 1556 (class 1259 OID 32285)
-- Dependencies: 5
-- Name: keywords; Type: TABLE; Schema: public; Owner: -; Tablespace: 
--

CREATE TABLE keywords (
    id integer NOT NULL,
    title character varying(255),
    product_id integer,
    created_at timestamp without time zone NOT NULL,
    updated_at timestamp without time zone NOT NULL
);


--
-- TOC entry 1555 (class 1259 OID 32283)
-- Dependencies: 5 1556
-- Name: keywords_id_seq; Type: SEQUENCE; Schema: public; Owner: -
--

CREATE SEQUENCE keywords_id_seq
    START WITH 1
    INCREMENT BY 1
    NO MINVALUE
    NO MAXVALUE
    CACHE 1;


--
-- TOC entry 1911 (class 0 OID 0)
-- Dependencies: 1555
-- Name: keywords_id_seq; Type: SEQUENCE OWNED BY; Schema: public; Owner: -
--

ALTER SEQUENCE keywords_id_seq OWNED BY keywords.id;


--
-- TOC entry 1912 (class 0 OID 0)
-- Dependencies: 1555
-- Name: keywords_id_seq; Type: SEQUENCE SET; Schema: public; Owner: -
--

SELECT pg_catalog.setval('keywords_id_seq', 14, true);


--
-- TOC entry 1566 (class 1259 OID 32331)
-- Dependencies: 5
-- Name: line_items; Type: TABLE; Schema: public; Owner: -; Tablespace: 
--

CREATE TABLE line_items (
    id integer NOT NULL,
    "position" integer,
    product_id integer,
    item_number character varying(255),
    description character varying(255),
    dimensions character varying(255),
    quantity integer,
    price numeric,
    tax numeric,
    total numeric,
    invoice_id integer,
    created_at timestamp without time zone NOT NULL,
    updated_at timestamp without time zone NOT NULL
);


--
-- TOC entry 1565 (class 1259 OID 32329)
-- Dependencies: 5 1566
-- Name: line_items_id_seq; Type: SEQUENCE; Schema: public; Owner: -
--

CREATE SEQUENCE line_items_id_seq
    START WITH 1
    INCREMENT BY 1
    NO MINVALUE
    NO MAXVALUE
    CACHE 1;


--
-- TOC entry 1913 (class 0 OID 0)
-- Dependencies: 1565
-- Name: line_items_id_seq; Type: SEQUENCE OWNED BY; Schema: public; Owner: -
--

ALTER SEQUENCE line_items_id_seq OWNED BY line_items.id;


--
-- TOC entry 1914 (class 0 OID 0)
-- Dependencies: 1565
-- Name: line_items_id_seq; Type: SEQUENCE SET; Schema: public; Owner: -
--

SELECT pg_catalog.setval('line_items_id_seq', 17, true);


--
-- TOC entry 1544 (class 1259 OID 32202)
-- Dependencies: 1845 1846 1847 5
-- Name: products; Type: TABLE; Schema: public; Owner: -; Tablespace: 
--

CREATE TABLE products (
    id integer NOT NULL,
    active boolean DEFAULT true,
    title character varying(255),
    body text,
    image character varying(255),
    "position" integer,
    created_at timestamp without time zone NOT NULL,
    updated_at timestamp without time zone NOT NULL,
    phoebe_find boolean DEFAULT false,
    new_acquisition boolean DEFAULT false,
    country character varying(255),
    period character varying(255),
    item_number integer,
    price numeric(8,2),
    dimensions character varying(255),
    sold date
);


--
-- TOC entry 1543 (class 1259 OID 32200)
-- Dependencies: 5 1544
-- Name: products_id_seq; Type: SEQUENCE; Schema: public; Owner: -
--

CREATE SEQUENCE products_id_seq
    START WITH 1
    INCREMENT BY 1
    NO MINVALUE
    NO MAXVALUE
    CACHE 1;


--
-- TOC entry 1915 (class 0 OID 0)
-- Dependencies: 1543
-- Name: products_id_seq; Type: SEQUENCE OWNED BY; Schema: public; Owner: -
--

ALTER SEQUENCE products_id_seq OWNED BY products.id;


--
-- TOC entry 1916 (class 0 OID 0)
-- Dependencies: 1543
-- Name: products_id_seq; Type: SEQUENCE SET; Schema: public; Owner: -
--

SELECT pg_catalog.setval('products_id_seq', 24, true);


--
-- TOC entry 1542 (class 1259 OID 32196)
-- Dependencies: 5
-- Name: schema_migrations; Type: TABLE; Schema: public; Owner: -; Tablespace: 
--

CREATE TABLE schema_migrations (
    version character varying(255) NOT NULL
);


--
-- TOC entry 1562 (class 1259 OID 32312)
-- Dependencies: 5
-- Name: shows; Type: TABLE; Schema: public; Owner: -; Tablespace: 
--

CREATE TABLE shows (
    id integer NOT NULL,
    active boolean,
    title character varying(255),
    url character varying(255),
    dates character varying(255),
    "position" integer,
    created_at timestamp without time zone NOT NULL,
    updated_at timestamp without time zone NOT NULL
);


--
-- TOC entry 1561 (class 1259 OID 32310)
-- Dependencies: 1562 5
-- Name: shows_id_seq; Type: SEQUENCE; Schema: public; Owner: -
--

CREATE SEQUENCE shows_id_seq
    START WITH 1
    INCREMENT BY 1
    NO MINVALUE
    NO MAXVALUE
    CACHE 1;


--
-- TOC entry 1917 (class 0 OID 0)
-- Dependencies: 1561
-- Name: shows_id_seq; Type: SEQUENCE OWNED BY; Schema: public; Owner: -
--

ALTER SEQUENCE shows_id_seq OWNED BY shows.id;


--
-- TOC entry 1918 (class 0 OID 0)
-- Dependencies: 1561
-- Name: shows_id_seq; Type: SEQUENCE SET; Schema: public; Owner: -
--

SELECT pg_catalog.setval('shows_id_seq', 6, true);


--
-- TOC entry 1554 (class 1259 OID 32268)
-- Dependencies: 1854 5
-- Name: sliders; Type: TABLE; Schema: public; Owner: -; Tablespace: 
--

CREATE TABLE sliders (
    id integer NOT NULL,
    active boolean DEFAULT true,
    image character varying(255),
    created_at timestamp without time zone NOT NULL,
    updated_at timestamp without time zone NOT NULL,
    product_id integer,
    "position" integer
);


--
-- TOC entry 1553 (class 1259 OID 32266)
-- Dependencies: 1554 5
-- Name: sliders_id_seq; Type: SEQUENCE; Schema: public; Owner: -
--

CREATE SEQUENCE sliders_id_seq
    START WITH 1
    INCREMENT BY 1
    NO MINVALUE
    NO MAXVALUE
    CACHE 1;


--
-- TOC entry 1919 (class 0 OID 0)
-- Dependencies: 1553
-- Name: sliders_id_seq; Type: SEQUENCE OWNED BY; Schema: public; Owner: -
--

ALTER SEQUENCE sliders_id_seq OWNED BY sliders.id;


--
-- TOC entry 1920 (class 0 OID 0)
-- Dependencies: 1553
-- Name: sliders_id_seq; Type: SEQUENCE SET; Schema: public; Owner: -
--

SELECT pg_catalog.setval('sliders_id_seq', 8, true);


--
-- TOC entry 1560 (class 1259 OID 32301)
-- Dependencies: 5
-- Name: subscribers; Type: TABLE; Schema: public; Owner: -; Tablespace: 
--

CREATE TABLE subscribers (
    id integer NOT NULL,
    first character varying(255),
    last character varying(255),
    email character varying(255),
    address character varying(255),
    city character varying(255),
    state character varying(255),
    zip character varying(255),
    created_at timestamp without time zone NOT NULL,
    updated_at timestamp without time zone NOT NULL,
    phone character varying(255),
    notes text
);


--
-- TOC entry 1559 (class 1259 OID 32299)
-- Dependencies: 5 1560
-- Name: subscribers_id_seq; Type: SEQUENCE; Schema: public; Owner: -
--

CREATE SEQUENCE subscribers_id_seq
    START WITH 1
    INCREMENT BY 1
    NO MINVALUE
    NO MAXVALUE
    CACHE 1;


--
-- TOC entry 1921 (class 0 OID 0)
-- Dependencies: 1559
-- Name: subscribers_id_seq; Type: SEQUENCE OWNED BY; Schema: public; Owner: -
--

ALTER SEQUENCE subscribers_id_seq OWNED BY subscribers.id;


--
-- TOC entry 1922 (class 0 OID 0)
-- Dependencies: 1559
-- Name: subscribers_id_seq; Type: SEQUENCE SET; Schema: public; Owner: -
--

SELECT pg_catalog.setval('subscribers_id_seq', 23, true);


--
-- TOC entry 1548 (class 1259 OID 32225)
-- Dependencies: 5
-- Name: tags; Type: TABLE; Schema: public; Owner: -; Tablespace: 
--

CREATE TABLE tags (
    id integer NOT NULL,
    category_id integer,
    product_id integer,
    created_at timestamp without time zone NOT NULL,
    updated_at timestamp without time zone NOT NULL,
    "position" integer
);


--
-- TOC entry 1547 (class 1259 OID 32223)
-- Dependencies: 1548 5
-- Name: tags_id_seq; Type: SEQUENCE; Schema: public; Owner: -
--

CREATE SEQUENCE tags_id_seq
    START WITH 1
    INCREMENT BY 1
    NO MINVALUE
    NO MAXVALUE
    CACHE 1;


--
-- TOC entry 1923 (class 0 OID 0)
-- Dependencies: 1547
-- Name: tags_id_seq; Type: SEQUENCE OWNED BY; Schema: public; Owner: -
--

ALTER SEQUENCE tags_id_seq OWNED BY tags.id;


--
-- TOC entry 1924 (class 0 OID 0)
-- Dependencies: 1547
-- Name: tags_id_seq; Type: SEQUENCE SET; Schema: public; Owner: -
--

SELECT pg_catalog.setval('tags_id_seq', 25, true);


--
-- TOC entry 1558 (class 1259 OID 32293)
-- Dependencies: 5
-- Name: tasks; Type: TABLE; Schema: public; Owner: -; Tablespace: 
--

CREATE TABLE tasks (
    id integer NOT NULL,
    completed boolean,
    title character varying(255),
    created_at timestamp without time zone NOT NULL,
    updated_at timestamp without time zone NOT NULL
);


--
-- TOC entry 1557 (class 1259 OID 32291)
-- Dependencies: 1558 5
-- Name: tasks_id_seq; Type: SEQUENCE; Schema: public; Owner: -
--

CREATE SEQUENCE tasks_id_seq
    START WITH 1
    INCREMENT BY 1
    NO MINVALUE
    NO MAXVALUE
    CACHE 1;


--
-- TOC entry 1925 (class 0 OID 0)
-- Dependencies: 1557
-- Name: tasks_id_seq; Type: SEQUENCE OWNED BY; Schema: public; Owner: -
--

ALTER SEQUENCE tasks_id_seq OWNED BY tasks.id;


--
-- TOC entry 1926 (class 0 OID 0)
-- Dependencies: 1557
-- Name: tasks_id_seq; Type: SEQUENCE SET; Schema: public; Owner: -
--

SELECT pg_catalog.setval('tasks_id_seq', 1, false);


--
-- TOC entry 1550 (class 1259 OID 32233)
-- Dependencies: 5
-- Name: users; Type: TABLE; Schema: public; Owner: -; Tablespace: 
--

CREATE TABLE users (
    id integer NOT NULL,
    email character varying(255),
    encrypted_password character varying(255),
    sign_in_count integer,
    created_at timestamp without time zone NOT NULL,
    updated_at timestamp without time zone NOT NULL,
    password_salt character varying(255),
    show_tooltips boolean
);


--
-- TOC entry 1549 (class 1259 OID 32231)
-- Dependencies: 1550 5
-- Name: users_id_seq; Type: SEQUENCE; Schema: public; Owner: -
--

CREATE SEQUENCE users_id_seq
    START WITH 1
    INCREMENT BY 1
    NO MINVALUE
    NO MAXVALUE
    CACHE 1;


--
-- TOC entry 1927 (class 0 OID 0)
-- Dependencies: 1549
-- Name: users_id_seq; Type: SEQUENCE OWNED BY; Schema: public; Owner: -
--

ALTER SEQUENCE users_id_seq OWNED BY users.id;


--
-- TOC entry 1928 (class 0 OID 0)
-- Dependencies: 1549
-- Name: users_id_seq; Type: SEQUENCE SET; Schema: public; Owner: -
--

SELECT pg_catalog.setval('users_id_seq', 3, true);


--
-- TOC entry 1848 (class 2604 OID 32216)
-- Dependencies: 1545 1546 1546
-- Name: id; Type: DEFAULT; Schema: public; Owner: -
--

ALTER TABLE categories ALTER COLUMN id SET DEFAULT nextval('categories_id_seq'::regclass);


--
-- TOC entry 1852 (class 2604 OID 32247)
-- Dependencies: 1552 1551 1552
-- Name: id; Type: DEFAULT; Schema: public; Owner: -
--

ALTER TABLE images ALTER COLUMN id SET DEFAULT nextval('images_id_seq'::regclass);


--
-- TOC entry 1859 (class 2604 OID 32326)
-- Dependencies: 1564 1563 1564
-- Name: id; Type: DEFAULT; Schema: public; Owner: -
--

ALTER TABLE invoices ALTER COLUMN id SET DEFAULT nextval('invoices_id_seq'::regclass);


--
-- TOC entry 1855 (class 2604 OID 32288)
-- Dependencies: 1556 1555 1556
-- Name: id; Type: DEFAULT; Schema: public; Owner: -
--

ALTER TABLE keywords ALTER COLUMN id SET DEFAULT nextval('keywords_id_seq'::regclass);


--
-- TOC entry 1860 (class 2604 OID 32334)
-- Dependencies: 1565 1566 1566
-- Name: id; Type: DEFAULT; Schema: public; Owner: -
--

ALTER TABLE line_items ALTER COLUMN id SET DEFAULT nextval('line_items_id_seq'::regclass);


--
-- TOC entry 1844 (class 2604 OID 32205)
-- Dependencies: 1544 1543 1544
-- Name: id; Type: DEFAULT; Schema: public; Owner: -
--

ALTER TABLE products ALTER COLUMN id SET DEFAULT nextval('products_id_seq'::regclass);


--
-- TOC entry 1858 (class 2604 OID 32315)
-- Dependencies: 1561 1562 1562
-- Name: id; Type: DEFAULT; Schema: public; Owner: -
--

ALTER TABLE shows ALTER COLUMN id SET DEFAULT nextval('shows_id_seq'::regclass);


--
-- TOC entry 1853 (class 2604 OID 32271)
-- Dependencies: 1554 1553 1554
-- Name: id; Type: DEFAULT; Schema: public; Owner: -
--

ALTER TABLE sliders ALTER COLUMN id SET DEFAULT nextval('sliders_id_seq'::regclass);


--
-- TOC entry 1857 (class 2604 OID 32304)
-- Dependencies: 1560 1559 1560
-- Name: id; Type: DEFAULT; Schema: public; Owner: -
--

ALTER TABLE subscribers ALTER COLUMN id SET DEFAULT nextval('subscribers_id_seq'::regclass);


--
-- TOC entry 1850 (class 2604 OID 32228)
-- Dependencies: 1548 1547 1548
-- Name: id; Type: DEFAULT; Schema: public; Owner: -
--

ALTER TABLE tags ALTER COLUMN id SET DEFAULT nextval('tags_id_seq'::regclass);


--
-- TOC entry 1856 (class 2604 OID 32296)
-- Dependencies: 1557 1558 1558
-- Name: id; Type: DEFAULT; Schema: public; Owner: -
--

ALTER TABLE tasks ALTER COLUMN id SET DEFAULT nextval('tasks_id_seq'::regclass);


--
-- TOC entry 1851 (class 2604 OID 32236)
-- Dependencies: 1549 1550 1550
-- Name: id; Type: DEFAULT; Schema: public; Owner: -
--

ALTER TABLE users ALTER COLUMN id SET DEFAULT nextval('users_id_seq'::regclass);


--
-- TOC entry 1889 (class 0 OID 32213)
-- Dependencies: 1546
-- Data for Name: categories; Type: TABLE DATA; Schema: public; Owner: -
--

COPY categories (id, active, title, description, "position", created_at, updated_at, slug) FROM stdin;
1	t	cabinet furniture	\N	1	2011-11-13 02:18:55.283717	2011-11-13 02:18:55.876024	cabinet-furniture
2	t	coffee tables	\N	2	2011-11-13 02:18:55.379665	2011-11-13 02:18:55.923389	coffee-tables
3	t	fine art & sculpture	\N	3	2011-11-13 02:18:55.436259	2011-11-13 02:18:55.964421	fine-art--sculpture
4	t	fire wares	\N	4	2011-11-13 02:18:55.492787	2011-11-13 02:18:56.012205	fire-wares
5	t	lighting	\N	5	2011-11-13 02:18:55.582376	2011-11-13 02:18:56.060217	lighting
6	t	mirrors	\N	6	2011-11-13 02:18:55.63949	2011-11-13 02:18:56.107952	mirrors
7	t	seating	\N	7	2011-11-13 02:18:55.713766	2011-11-13 02:18:56.160113	seating
8	t	tables and desks	\N	8	2011-11-13 02:18:55.767462	2011-11-13 02:18:56.209033	tables-and-desks
9	t	various	\N	9	2011-11-13 02:18:55.820967	2011-11-13 02:18:56.262305	various
\.


--
-- TOC entry 1892 (class 0 OID 32244)
-- Dependencies: 1552
-- Data for Name: images; Type: TABLE DATA; Schema: public; Owner: -
--

COPY images (id, image, product_id, created_at, updated_at) FROM stdin;
1	9683.jpg	1	2011-11-15 18:35:52.520761	2011-11-15 18:35:52.520761
2	9686.jpg	1	2011-11-15 18:36:24.711873	2011-11-15 18:36:24.711873
3	9689.jpg	1	2011-11-15 18:36:50.257795	2011-11-15 18:36:50.257795
4	1002b.JPG	2	2011-11-15 19:21:09.71597	2011-11-15 19:21:09.71597
5	1002c.jpg	2	2011-11-15 19:21:32.869003	2011-11-15 19:21:32.869003
7	1003b.jpg	3	2011-11-15 19:43:29.985497	2011-11-15 19:43:29.985497
8	1004b.jpg	4	2011-11-15 20:09:52.466003	2011-11-15 20:09:52.466003
9	1004c.jpg	4	2011-11-15 20:10:14.782075	2011-11-15 20:10:14.782075
11	1005b.jpg	5	2011-11-15 20:17:13.870996	2011-11-15 20:17:13.870996
12	1006b.jpg	6	2011-11-15 20:50:41.259665	2011-11-15 20:50:41.259665
13	1008b.jpg	8	2011-11-15 21:18:34.906838	2011-11-15 21:18:34.906838
15	1008c.jpg	8	2011-11-15 21:20:53.231745	2011-11-15 21:20:53.231745
16	1009b.jpg	9	2011-11-15 21:24:01.317513	2011-11-15 21:24:01.317513
17	1011b.jpg	11	2011-11-15 21:51:39.269492	2011-11-15 21:51:39.269492
18	1012b.jpg	12	2011-11-15 21:54:54.332416	2011-11-15 21:54:54.332416
19	1012c.jpg	12	2011-11-15 21:55:10.404634	2011-11-15 21:55:10.404634
20	1002a.jpg	2	2012-01-18 02:55:00.561518	2012-01-18 02:55:00.561518
21	1014b.jpg	15	2012-01-18 02:59:47.633237	2012-01-18 02:59:47.633237
26	1017b.jpg	17	2012-01-18 03:25:40.682345	2012-01-18 03:25:40.682345
27	1019c.jpg	19	2012-01-18 03:46:10.707302	2012-01-18 03:46:10.707302
28	1020b.jpg	20	2012-01-18 04:04:28.275921	2012-01-18 04:04:28.275921
29	1011b.jpg	11	2012-01-18 04:12:04.169501	2012-01-18 04:12:04.169501
30	1022b.jpg	22	2012-01-18 04:39:54.981202	2012-01-18 04:39:54.981202
31	1022c.jpg	22	2012-01-18 04:40:09.955144	2012-01-18 04:40:09.955144
32	1022d.jpg	22	2012-01-18 04:40:33.639956	2012-01-18 04:40:33.639956
33	1022e.jpg	22	2012-01-18 04:40:53.562658	2012-01-18 04:40:53.562658
34	1014b.jpg	14	2012-01-21 00:20:39.634104	2012-01-21 00:20:39.634104
35	1014c.jpg	14	2012-01-21 00:20:52.072562	2012-01-21 00:20:52.072562
36	1015c.jpg	15	2012-01-21 01:13:21.146974	2012-01-21 01:13:21.146974
37	1015d.jpg	15	2012-01-21 01:13:48.309913	2012-01-21 01:13:48.309913
38	1016b.jpg	16	2012-01-21 01:15:35.275131	2012-01-21 01:15:35.275131
39	1016c.jpg	16	2012-01-21 01:15:47.666831	2012-01-21 01:15:47.666831
40	1016d.jpg	16	2012-01-21 01:16:01.85131	2012-01-21 01:16:01.85131
41	1023b.jpg	23	2012-01-21 01:18:57.337106	2012-01-21 01:18:57.337106
\.


--
-- TOC entry 1898 (class 0 OID 32323)
-- Dependencies: 1564
-- Data for Name: invoices; Type: TABLE DATA; Schema: public; Owner: -
--

COPY invoices (id, title, subscriber_id, created_at, updated_at, inv_number, notes, inv_date, tax, price_header) FROM stdin;
1007		8	2012-02-29 14:38:52.999492	2012-03-10 16:28:04.215536	0229121	\N	2012-02-29	0	Price
1006	Gypsy table	\N	2012-02-24 20:04:44.566565	2012-03-10 18:35:02.854961	224121	\N	2012-02-24	10.0	Price
1009	\N	\N	2012-03-10 19:08:42.162151	2012-03-10 19:08:42.162151	0310121	\N	2012-03-10	\N	\N
\.


--
-- TOC entry 1894 (class 0 OID 32285)
-- Dependencies: 1556
-- Data for Name: keywords; Type: TABLE DATA; Schema: public; Owner: -
--

COPY keywords (id, title, product_id, created_at, updated_at) FROM stdin;
4	table	2	2012-01-18 02:55:27.233799	2012-01-18 02:55:27.233799
5	desk	15	2012-01-18 03:00:31.201479	2012-01-18 03:00:31.201479
6	chest	16	2012-01-18 03:08:32.738123	2012-01-18 03:08:32.738123
7	punch bowl	17	2012-01-18 03:23:54.038698	2012-01-18 03:23:54.038698
8	silver dish	18	2012-01-18 03:38:34.803982	2012-01-18 03:38:34.803982
9	lamps	19	2012-01-18 03:45:47.610322	2012-01-18 03:45:47.610322
10	jar	20	2012-01-18 04:03:44.844162	2012-01-18 04:03:44.844162
11	weathervane	11	2012-01-18 04:11:10.734087	2012-01-18 04:11:10.734087
12	pair of chairs	14	2012-01-21 00:21:08.86191	2012-01-21 00:21:08.86191
13	nathan lombard	16	2012-01-21 01:16:16.269193	2012-01-21 01:16:16.269193
\.


--
-- TOC entry 1899 (class 0 OID 32331)
-- Dependencies: 1566
-- Data for Name: line_items; Type: TABLE DATA; Schema: public; Owner: -
--

COPY line_items (id, "position", product_id, item_number, description, dimensions, quantity, price, tax, total, invoice_id, created_at, updated_at) FROM stdin;
1	1	1	1001	A Fine Hepplewhite Mahogany Wine Stand	H 28 x W 14.75 x D 14.5" 	1	850	0	850	1	2012-02-05 20:02:04.868055	2012-02-05 20:02:04.868055
8	1	20	1020	A Handpainted Ceramic Jar	H 9 x Dia 8"	1	250	0	250	1004	2012-02-18 19:46:15.822306	2012-02-18 19:46:15.822306
9	2	21	1021	An Untitled Woodblock Print	H 10 x W 12"	1	190	0	190	1004	2012-02-18 19:46:29.050717	2012-02-18 19:46:29.050717
12	1	2	1002	A Star Inlaid Multiwood Gypsy Table	H 23 x Dia 27.25”	1	1400	0	1400	1006	2012-02-24 20:05:04.79255	2012-02-24 20:05:04.79255
15	1	4	1004	A Very Finely Carved Rosewood Étagère	H 55 x W 19 x D 12"	1	2800	0	2800	1007	2012-02-29 14:39:40.80619	2012-02-29 14:39:40.80619
16	2	\N	1	-----	Discount of 20%	1	-280	0	-280	1006	2012-03-03 21:01:23.681272	2012-03-10 16:05:02.949218
\.


--
-- TOC entry 1888 (class 0 OID 32202)
-- Dependencies: 1544
-- Data for Name: products; Type: TABLE DATA; Schema: public; Owner: -
--

COPY products (id, active, title, body, image, "position", created_at, updated_at, phoebe_find, new_acquisition, country, period, item_number, price, dimensions, sold) FROM stdin;
1	f	A Fine Hepplewhite Mahogany Wine Stand	The unusually slender round top having a beautifully carved leaf edge supported by a turned acanthus leaf carved column raised on a bellflower carved tripod base.  	9679_shadow.jpg	\N	2011-11-15 18:26:48.013659	2012-02-18 02:47:21.174498	f	f	England	c 1810	1001	850.00	H 28 x W 14.75 x D 14.5" 	\N
2	f	A Star Inlaid Multiwood Gypsy Table	Having a multi-wood star inlaid round top supported by a turned fruitwood inlaid column raised on a chevron inlaid tripod base. Table height has been lowered.	1002a.jpg	\N	2011-11-15 19:20:23.462971	2012-02-29 14:33:46.494008	f	f	Northern Italian or Southern German	c 1840	1002	1400.00	H 23 x Dia 27.25”	\N
3	f	A Diminutive Georgian Mahogany Washstand	Having a bow molded square gallery and similarly shaped apron raised on square legs suspending a single drawer above a x-stretcher mounted with a roundel.\n	1003a.jpg	\N	2011-11-15 19:42:01.148837	2012-02-29 14:34:22.457836	f	f	England	c 1820	1003	950.00	H 33.5 x W 13 x D 13”	\N
4	t	A Very Finely Carved Rosewood Étagère	Having five shelves, some with pierced fretwork galleries, and a single bottom drawer all supported by four baluster and ring turned supports raised on similarly carved feet. The whole veneered in rosewood with walnut and poplar secondary.	1004a.jpg	\N	2011-11-15 20:01:28.22684	2012-01-18 00:32:09.714811	f	f	American	c 1880	1004	2800.00	H 55 x W 19 x D 12"	\N
5	t	A Very Fine Pair of Nailhead Andirons	Having nailhead finials over chamfered edge shafts with C-scroll supports above a horseshoe shaped base and out-scrolled feet. These andirons were made for open hearth use with hooks for roasting spits to be fitted in between.\n\n	1005a.jpg	\N	2011-11-15 20:16:51.567842	2012-01-18 00:41:34.757416	f	f	England or N. America	c 1790	1005	1900.00	H 21.5 x W 8.75 x D 20.5”	\N
6	t	A Pair of Telescope Form Bell Metal Candlesticks	Having a blossom shaped socket above a telescope formed column ending in a circular base. The whole having a beautiful, warm rose hue.	1006a.jpg	\N	2011-11-15 20:49:07.169623	2012-01-18 00:43:57.813416	f	f	Continental, possibly Sweden	c 1820	1006	250.00		\N
7	f	A Wheat Sheaf Cast Iron Doorstop or Bookend	Of typical form.\n	1007a.jpg	\N	2011-11-15 20:55:36.660316	2012-01-18 00:53:08.926588	f	f	N. America or England	20th C	1007	125.00		\N
8	t	A Queen Anne Mahogany Drop-leaf Table	Having a dense mahogany twin flap top exhibiting magnificent patina raised on cabriole legs ending in pad feet. Mahogany, oak secondary.\n(Opens to 47.5”)\n\n	1008a.jpg	\N	2011-11-15 21:16:53.349157	2012-01-18 00:54:04.211465	f	f	England	c 1770	1008	1200.00	H 27.5 x W 45 x D 16.5"	\N
9	f	A Porcupine Quill and Ivory Inlaid Ebony Box	Having a stave panel constructed case mounted with quills and ivory inlaid ebony wood. The top opening to reveal an ivory inlaid bullseye panel.\n\n	1009a.jpg	\N	2011-11-15 21:23:41.901523	2012-01-05 01:39:19.492178	f	f	Anglo-indian	c 1870	1009	850.00		\N
10	f	An Unusual Green Glaze Ceramic Vase	H 10 x Dia 8"\n\n$900	1010a.jpg	\N	2011-11-15 21:38:04.610944	2012-02-05 00:59:17.912258	f	f	American	c 1930	1010	\N		\N
11	t	An Iron Ship Weathervane Mounted on a Mahogany Base	Of typical form.\n\n	1011a.jpg	\N	2011-11-15 21:50:49.224004	2012-01-18 04:11:37.632686	f	f	American 	c 1950	1011	490.00	H 27 x W 10.5 x D 10.5”	\N
12	t	A George III Walnut Veneered and Parcel Gilt Wall Mirror	Having an arched scrolled fretted crest with carved gilt shell ornament and upright glass with molded surround, all above conforming scrolled apron. Gilding refreshed, restorations to cresting.\n	1012a.jpg	\N	2011-11-15 21:54:31.339901	2012-02-11 16:54:01.035596	f	f	England	c 1770	1012	2900.00	H 44.25 x W 24.5”	\N
13	t	Untitled by W. Hulings Henry	Watercolor mounted in a giltwood frame. Signed lower left.\n	1013a.jpg	\N	2011-11-15 21:59:21.599155	2012-02-11 23:13:14.991589	f	f	Nassau, Florida	1937	1013	1200.00	H 23 x W 18.5"	\N
14	t	A Pair of Sheraton Style Rosewood Barrel Back Armchairs	Having an arched cresting rail and continuing to roundel terminals supported by Doric column supports centering a gentle serpentine upholstered seat.\n\n\n	1014a.jpg	\N	2011-11-17 18:56:12.634471	2012-02-10 17:45:46.602836	f	f	American	c 1930	1014	1600.00	H 31 x W 25.5 x D 25”	\N
15	t	A Very Fine Oak Desk by Johnstone & Jeanes	Having a D-shaped writing surface above five frieze drawers, each having two beautifully turned oak knobs, the central drawer stamped “Johnstone & Jeanes, 67 New Bond Street, London 59278”, the whole raised on turned legs ending in brass cappings and castors stamped "Cope & Collinson".	1014a.jpg	\N	2012-01-18 02:59:14.747881	2012-01-18 03:02:03.463804	f	f	England	c 1860	1015	2600.00	H 29.5 x W 45.25 x D 23.5"	\N
16	t	A Beautiful Cherry Chest of Drawers Attributed to Nathan Lombard	The bow shaped top above four graduated drawers each having horizontal grain veneer, the whole raised on bracket feet.	1016a.jpg	\N	2012-01-18 03:08:12.57267	2012-02-18 02:46:19.383083	f	f	American	c 1800	1016	8500.00	H 33.25 x W 45.25 x D 22.75”	\N
17	t	A Heisey Glass Punch Bowl	Having a scalloped edge bowl mounted on a splayed circular plinth.	1017a.jpg	\N	2012-01-18 03:23:48.136808	2012-01-18 03:23:54.045921	f	f	American (Ohio)	1920	1017	350.00	H 11 x Dia 14”	\N
18	t	A Silver Dish in the Form of a Clam Shell Stamped Wallace	Wallace is a pre-eminent New England silversmith founded in 1835.  The Company continues to be known for its excellent quality of craftsmanship today.	1018a.jpg	\N	2012-01-18 03:37:25.923657	2012-01-18 03:38:34.872549	f	f	American	c 1950	1018	190.00	H 1 x W 4  x D 2.5"	\N
19	f	A Pair of Ceramic Vases Mounted as Lamps	Each having a cylinder form featuring birds, flora and fauna, raised on a carved and shaped mahogany base. 	1019a.jpg	\N	2012-01-18 03:45:41.130678	2012-02-18 02:46:52.100571	f	f	Chinese	c 1950	1019	590.00	27.75x6.5 (lamp shade Dia 16")	\N
20	f	A Handpainted Ceramic Jar	The globular body rising from a recessed base to a broad incurved lipped mouth mounted with an associated finial lid decorated with characters.  The exterior jar body decorated with a bird and lotus flowers in rich green, rose and amber glaze, the body having a slightly blue hue. Verso incised with characters.\n	1020a.jpg	\N	2012-01-18 04:03:34.893393	2012-02-18 02:47:47.472094	f	f	Chinese	c 1950	1020	250.00	H 9 x Dia 8"	\N
21	t	An Untitled Woodblock Print	Having a silver gilt frame centering a newly matted print decorated in various tones of blue, black and white. Unsigned. Similar style to Isamu Sakamoto, b. 1931.	1021a.jpg	\N	2012-01-18 04:14:17.77545	2012-02-03 20:14:22.641512	f	f	Japan	c 1970	1021	190.00	H 10 x W 12"	\N
22	t	A Pair of Giltwood Three Arm Sconces Attributed to Edward F. Caldwell & Co.	Each having a backplate surmounted by an urn above a mask issuing three upturned arms decorated with hanging tassels. Electrified. One urn finial restored.	1022a.jpg	\N	2012-01-18 04:39:27.319146	2012-02-25 22:40:32.483301	f	f	American	c 1920	1022	3400.00	H 29 x W 21 x D 13"	\N
23	f	A Pair of Gilt Gesso Acanthus Leaf Wall Brackets	Having a demi-lune shaped top above three down turned Acanthus leaves.	1023a.jpg	\N	2012-01-18 04:47:02.494527	2012-02-18 02:48:00.389162	f	f	Italian	c 1950	1023	800.00	H 19.25 x W 18 x D 9"	\N
\.


--
-- TOC entry 1887 (class 0 OID 32196)
-- Dependencies: 1542
-- Data for Name: schema_migrations; Type: TABLE DATA; Schema: public; Owner: -
--

COPY schema_migrations (version) FROM stdin;
20110918161753
20110918170101
20110919033744
20111002164700
20111003105532
20111003114459
20111006164548
20111008140620
20111008164352
20111010140025
20111010151245
20111011140322
20111023232444
20111028230343
20111117011822
20111120142510
20111124044842
20111201004708
20111201010427
20111208013627
20111210204914
20120128020755
20120128150314
20120206135314
20120206141532
20120207023943
20120222033906
20120301024945
20120303193325
20120303233051
20120304014708
20120305002810
\.


--
-- TOC entry 1897 (class 0 OID 32312)
-- Dependencies: 1562
-- Data for Name: shows; Type: TABLE DATA; Schema: public; Owner: -
--

COPY shows (id, active, title, url, dates, "position", created_at, updated_at) FROM stdin;
3	t	Chicago Botanic Garden Antiques and Garden Fair	http://www.stellashows.com/cgi-bin/texis/scripts/showpromo_info/stellashowdetail.html?idnum=ZJD1463&showabb=botanic20020419	April 20-22, 2012	2	2011-12-20 00:51:11.777859	2011-12-20 00:51:11.777859
4	t	Shaia Nantucket Antiques Show		August 10-13, 2012	3	2011-12-20 00:51:11.837433	2011-12-20 00:51:11.837433
5	\N	The Winnetka Antiques Show	http://www.thewinnetkashow.com/	October 19-21, 2012	2	2012-02-29 14:38:11.864409	2012-02-29 14:38:11.864409
\.


--
-- TOC entry 1893 (class 0 OID 32268)
-- Dependencies: 1554
-- Data for Name: sliders; Type: TABLE DATA; Schema: public; Owner: -
--

COPY sliders (id, active, image, created_at, updated_at, product_id, "position") FROM stdin;
1	t	Home.gif	2011-11-13 02:24:36.991772	2011-11-18 20:43:28.459741	\N	1
2	f	side_3.jpg	2011-11-13 14:51:42.148303	2011-11-17 18:58:04.54778	\N	\N
4	t	Slide_of_Chippendale_mirror_and_yellow_watercolor.jpg	2011-11-18 20:42:09.962684	2011-11-18 20:42:09.962684	\N	2
5	t	Slide_of_green_ceramic_vase_and_rosewood_etagere.jpg	2011-11-18 20:43:03.336976	2011-11-18 20:43:03.336976	\N	3
6	t	Triptych_barrel_back_chair_heisey_punch_bowl_and_giltwood_bracket.jpg	2012-01-21 18:00:33.565034	2012-01-21 18:00:33.565034	\N	4
7	t	Triptych_caldwell_sconce.jpg	2012-01-21 18:00:49.8805	2012-01-21 18:00:49.8805	\N	5
\.


--
-- TOC entry 1896 (class 0 OID 32301)
-- Dependencies: 1560
-- Data for Name: subscribers; Type: TABLE DATA; Schema: public; Owner: -
--

COPY subscribers (id, first, last, email, address, city, state, zip, created_at, updated_at, phone, notes) FROM stdin;
1	Shawn	Marsh	smarshil@earthlink.net	925 W Gunnison St 3E	Chicago	IL	60640	2011-12-14 17:50:47.132593	2011-12-14 17:50:47.132593	\N	\N
2	Nancy	Rath	nrath007@me.com	15 Sarcka Lane  PO Box 455	Litchfield	CT	06759	2012-01-05 02:01:37.525284	2012-01-05 02:01:37.525284	\N	\N
3	Alibobwa	Booth	Abooth86@gmail.com	83 Devonshire Road	Singapore	Singapore		2012-01-11 15:25:52.45988	2012-01-11 15:25:52.45988	\N	\N
4	Dusan	DePree	dooperay@mac.com	6709 Harrods View Circle	Prospect	Kentucky	40059	2012-01-11 15:54:42.922955	2012-01-11 15:54:42.922955	\N	\N
5	Dusan	DePree	kpbolder@mac.com	6709 Harrods View Circle	Prospect	Kentucky	40059	2012-01-11 15:56:31.528364	2012-01-11 15:56:31.528364	\N	\N
6	Randy	DePree	randydepree@gmail.com	1945 N. Sheffield Ave., #203	Chicago	IL	60614	2012-01-12 02:19:14.15815	2012-01-12 02:19:14.15815	\N	\N
7	Sage	DePree	sagedepree79@yahoo.com	340 Crescent Drive	Lake Bluff	IL	60044	2012-01-12 17:20:33.106512	2012-01-12 17:20:33.106512	\N	\N
8	Katie	Belcher	katherinebelcher@mac.com	1296 N Green Bay Road	Lake Forest	IL	60045	2012-01-12 17:46:29.765437	2012-01-12 17:46:29.765437	\N	\N
9	Joan	DePree	joandoopray@earthlink.net	999 S. Ringwood	Lake Forest	IL	60045	2012-01-13 18:22:15.286562	2012-01-13 18:22:15.286562	\N	\N
10	Phoebe	DePree	phoebe@phoebeboothantiques.com	2145 North Dayton St, Apt CH	Chicago	IL	60614	2012-02-14 22:49:42.059278	2012-02-14 22:49:42.059278	\N	\N
11	Laurence	Parfitt	Laurence.parfitt@comcast.net	586 South Avenue	Glencoe	IL	60022	2012-02-15 23:06:15.937483	2012-02-15 23:06:15.937483	\N	\N
12	Christine	Cross	christinecross@comcast.net					2012-02-24 20:03:59.525663	2012-02-24 20:03:59.525663	\N	\N
13	Greg	Hubert	greg@hubertgallery.com	1046 Madison Avenue	New York	NY	10075	2012-03-03 20:47:39.932978	2012-03-03 20:47:39.932978	\N	\N
14	Gary	McBournie	garymcbournie@gmail.com	71 Newbury Street	Boston	MA 	02116	2012-03-03 21:00:12.869686	2012-03-03 21:00:12.869686	\N	\N
15	Francis	Farrell	liberty@nantucket.net	5 India Street	Nantucket 	MA	02554	2012-03-03 21:13:52.020204	2012-03-03 21:13:52.020204	\N	\N
16	Ceri	Linden and Michael Bloomberg	cericorp@aol.com	5 Tetawkimmo	Nantucket	MA	02554	2012-03-03 21:15:43.806497	2012-03-03 21:15:43.806497	\N	\N
17	Brad and Cindy	Sweeny	bpsweeny@optonline.net	6 Polly Park Road	Rye	New York	10580	2012-03-03 21:20:48.804857	2012-03-03 21:24:39.774495	\N	\N
18	Frank	Shaia	shaia@juno.com	109 Anthony Wayne	Williamsburg	VA	23185	2012-03-03 21:22:10.134041	2012-03-03 21:22:10.134041	\N	\N
19	DeeDee 	Chesley	dx2chesley@aol.com	851 Sheridan Road	Winnetka	IL	60093	2012-03-03 21:23:00.521293	2012-03-03 21:23:00.521293	\N	\N
20	Blair	Metrailler	blair.metrailler@yahoo.com	7 Beverly Road	Purchase	NY 	10577	2012-03-03 21:28:26.985581	2012-03-03 21:28:26.985581	\N	\N
22	Tatum	Szymczak	tatum@ashlandstudios.com	1151 W. 14th Place, Unit 135	Chicago	IL	60608	2012-03-10 18:55:36.496994	2012-03-10 18:55:36.496994	219-378-0830	
\.


--
-- TOC entry 1890 (class 0 OID 32225)
-- Dependencies: 1548
-- Data for Name: tags; Type: TABLE DATA; Schema: public; Owner: -
--

COPY tags (id, category_id, product_id, created_at, updated_at, "position") FROM stdin;
1	8	1	2011-11-15 18:26:48.116415	2011-11-15 18:26:48.116415	1
2	8	2	2011-11-15 19:20:23.552225	2011-11-15 19:20:23.552225	2
3	8	3	2011-11-15 19:42:01.156252	2011-11-15 19:42:01.156252	3
4	2	2	2011-11-15 19:44:59.002908	2011-11-15 19:44:59.002908	1
5	1	4	2011-11-15 20:01:28.234373	2011-11-15 20:01:28.234373	2
6	4	5	2011-11-15 20:16:51.599925	2011-11-15 20:16:51.599925	1
7	5	6	2011-11-15 20:49:07.177401	2011-11-15 20:49:07.177401	1
8	9	7	2011-11-15 20:55:36.708882	2011-11-15 20:55:36.708882	1
9	8	8	2011-11-15 21:16:53.460474	2011-11-15 21:16:53.460474	4
10	9	9	2011-11-15 21:23:41.979014	2011-11-15 21:23:41.979014	2
11	9	10	2011-11-15 21:38:04.641139	2011-11-15 21:38:04.641139	3
12	9	11	2011-11-15 21:50:49.255081	2011-11-15 21:50:49.255081	4
13	6	12	2011-11-15 21:54:31.348935	2011-11-15 21:54:31.348935	1
14	3	13	2011-11-15 21:59:21.607085	2011-11-15 21:59:21.607085	1
15	8	15	2012-01-18 02:59:14.770245	2012-01-18 02:59:14.770245	5
16	1	16	2012-01-18 03:08:12.672812	2012-01-18 03:08:12.672812	1
17	9	17	2012-01-18 03:23:48.148253	2012-01-18 03:23:48.148253	5
18	9	18	2012-01-18 03:37:25.928207	2012-01-18 03:37:25.928207	6
19	5	19	2012-01-18 03:45:41.13493	2012-01-18 03:45:41.13493	2
20	9	20	2012-01-18 04:03:34.913624	2012-01-18 04:03:34.913624	7
21	3	21	2012-01-18 04:14:17.782881	2012-01-18 04:14:17.782881	2
22	5	22	2012-01-18 04:39:27.425298	2012-01-18 04:39:27.425298	3
23	9	23	2012-01-18 04:47:02.499379	2012-01-18 04:47:02.499379	8
24	7	14	2012-01-21 00:20:22.241773	2012-01-21 00:20:22.241773	1
\.


--
-- TOC entry 1895 (class 0 OID 32293)
-- Dependencies: 1558
-- Data for Name: tasks; Type: TABLE DATA; Schema: public; Owner: -
--

COPY tasks (id, completed, title, created_at, updated_at) FROM stdin;
\.


--
-- TOC entry 1891 (class 0 OID 32233)
-- Dependencies: 1550
-- Data for Name: users; Type: TABLE DATA; Schema: public; Owner: -
--

COPY users (id, email, encrypted_password, sign_in_count, created_at, updated_at, password_salt, show_tooltips) FROM stdin;
1	tatum@ashlandstudios.com	$2a$10$n.bf7mqEFw0dW8gf82.zfes5y9HdaA7K/hGdbXHGcOZR0jLJsMK5i	14	2011-11-13 02:18:56.453822	2012-03-05 03:55:06.681584	$2a$10$n.bf7mqEFw0dW8gf82.zfe	t
2	phoebe@phoebeboothantiques.com	$2a$10$e5/WQUZ1dZrReysRUe5.oebjsGbkKJIJ8sZ4W947E5M95A/fnnm3O	12	2011-11-13 02:18:56.602305	2012-03-05 03:56:14.227043	$2a$10$e5/WQUZ1dZrReysRUe5.oe	t
\.


--
-- TOC entry 1865 (class 2606 OID 32222)
-- Dependencies: 1546 1546
-- Name: categories_pkey; Type: CONSTRAINT; Schema: public; Owner: -; Tablespace: 
--

ALTER TABLE ONLY categories
    ADD CONSTRAINT categories_pkey PRIMARY KEY (id);


--
-- TOC entry 1872 (class 2606 OID 32249)
-- Dependencies: 1552 1552
-- Name: images_pkey; Type: CONSTRAINT; Schema: public; Owner: -; Tablespace: 
--

ALTER TABLE ONLY images
    ADD CONSTRAINT images_pkey PRIMARY KEY (id);


--
-- TOC entry 1884 (class 2606 OID 32328)
-- Dependencies: 1564 1564
-- Name: invoices_pkey; Type: CONSTRAINT; Schema: public; Owner: -; Tablespace: 
--

ALTER TABLE ONLY invoices
    ADD CONSTRAINT invoices_pkey PRIMARY KEY (id);


--
-- TOC entry 1876 (class 2606 OID 32290)
-- Dependencies: 1556 1556
-- Name: keywords_pkey; Type: CONSTRAINT; Schema: public; Owner: -; Tablespace: 
--

ALTER TABLE ONLY keywords
    ADD CONSTRAINT keywords_pkey PRIMARY KEY (id);


--
-- TOC entry 1886 (class 2606 OID 32339)
-- Dependencies: 1566 1566
-- Name: line_items_pkey; Type: CONSTRAINT; Schema: public; Owner: -; Tablespace: 
--

ALTER TABLE ONLY line_items
    ADD CONSTRAINT line_items_pkey PRIMARY KEY (id);


--
-- TOC entry 1863 (class 2606 OID 32210)
-- Dependencies: 1544 1544
-- Name: products_pkey; Type: CONSTRAINT; Schema: public; Owner: -; Tablespace: 
--

ALTER TABLE ONLY products
    ADD CONSTRAINT products_pkey PRIMARY KEY (id);


--
-- TOC entry 1882 (class 2606 OID 32320)
-- Dependencies: 1562 1562
-- Name: shows_pkey; Type: CONSTRAINT; Schema: public; Owner: -; Tablespace: 
--

ALTER TABLE ONLY shows
    ADD CONSTRAINT shows_pkey PRIMARY KEY (id);


--
-- TOC entry 1874 (class 2606 OID 32274)
-- Dependencies: 1554 1554
-- Name: sliders_pkey; Type: CONSTRAINT; Schema: public; Owner: -; Tablespace: 
--

ALTER TABLE ONLY sliders
    ADD CONSTRAINT sliders_pkey PRIMARY KEY (id);


--
-- TOC entry 1880 (class 2606 OID 32309)
-- Dependencies: 1560 1560
-- Name: subscribers_pkey; Type: CONSTRAINT; Schema: public; Owner: -; Tablespace: 
--

ALTER TABLE ONLY subscribers
    ADD CONSTRAINT subscribers_pkey PRIMARY KEY (id);


--
-- TOC entry 1867 (class 2606 OID 32230)
-- Dependencies: 1548 1548
-- Name: tags_pkey; Type: CONSTRAINT; Schema: public; Owner: -; Tablespace: 
--

ALTER TABLE ONLY tags
    ADD CONSTRAINT tags_pkey PRIMARY KEY (id);


--
-- TOC entry 1878 (class 2606 OID 32298)
-- Dependencies: 1558 1558
-- Name: tasks_pkey; Type: CONSTRAINT; Schema: public; Owner: -; Tablespace: 
--

ALTER TABLE ONLY tasks
    ADD CONSTRAINT tasks_pkey PRIMARY KEY (id);


--
-- TOC entry 1870 (class 2606 OID 32241)
-- Dependencies: 1550 1550
-- Name: users_pkey; Type: CONSTRAINT; Schema: public; Owner: -; Tablespace: 
--

ALTER TABLE ONLY users
    ADD CONSTRAINT users_pkey PRIMARY KEY (id);


--
-- TOC entry 1868 (class 1259 OID 32351)
-- Dependencies: 1550
-- Name: index_users_on_email; Type: INDEX; Schema: public; Owner: -; Tablespace: 
--

CREATE UNIQUE INDEX index_users_on_email ON users USING btree (email);


--
-- TOC entry 1861 (class 1259 OID 32199)
-- Dependencies: 1542
-- Name: unique_schema_migrations; Type: INDEX; Schema: public; Owner: -; Tablespace: 
--

CREATE UNIQUE INDEX unique_schema_migrations ON schema_migrations USING btree (version);


--
-- TOC entry 1904 (class 0 OID 0)
-- Dependencies: 5
-- Name: public; Type: ACL; Schema: -; Owner: -
--

REVOKE ALL ON SCHEMA public FROM PUBLIC;
REVOKE ALL ON SCHEMA public FROM tatum;
GRANT ALL ON SCHEMA public TO tatum;
GRANT ALL ON SCHEMA public TO PUBLIC;


-- Completed on 2012-03-10 13:47:08 CST

--
-- PostgreSQL database dump complete
--

